"COUPON_ID","INSTRUMENT_ID","PERIOD_START_DATE","PERIOD_END_DATE","PAYMENT_DATE","COUPON_TYPE","COUPON_RATE","DAY_COUNT_BASIS","DAYS_IN_PERIOD","COUPON_NUMBER","COUPON_AMOUNT","REFERENCE_RATE_NAME","REFERENCE_RATE","SPREAD_RATE"
8988,887,2027-01-03,2027-03-27,2027-03-27,"FIXED",0.055911,"30/360",83,17,12.71,"",,
8989,888,2023-08-05,2024-02-05,2024-02-05,"FLOATING",0.05112,"ACT/360",184,1,25.77,"SONIA",0.048014,0.003106
8990,888,2024-02-05,2024-08-05,2024-08-05,"FLOATING",0.048173,"ACT/360",182,2,24.02,"SONIA",0.041177,0.006996
8991,888,2024-08-05,2025-02-05,2025-02-05,"FLOATING",0.04298,"ACT/360",184,3,21.67,"SONIA",0.035346,0.007634
8992,888,2025-02-05,2025-08-05,2025-08-05,"FLOATING",0.054109,"ACT/360",181,4,26.83,"SONIA",0.039402,0.014707
8993,888,2025-08-05,2026-02-05,2026-02-05,"FLOATING",0.050417,"ACT/360",184,5,25.42,"SONIA",0.040873,0.009544
8994,888,2026-02-05,2026-08-05,2026-08-05,"FLOATING",0.053471,"ACT/360",181,6,26.52,"SONIA",0.043404,0.010067
8995,888,2026-08-05,2027-02-05,2027-02-05,"FLOATING",0.029875,"ACT/360",184,7,15.06,"SONIA",0.025098,0.004777
8996,888,2027-02-05,2027-08-05,2027-08-05,"FLOATING",0.052442,"ACT/360",181,8,26.01,"SONIA",0.039107,0.013335
8997,888,2027-08-05,2028-02-05,2028-02-05,"FLOATING",0.053384,"ACT/360",184,9,26.91,"SONIA",0.039957,0.013427
8998,888,2028-02-05,2028-08-05,2028-08-05,"FLOATING",0.02806,"ACT/360",182,10,13.99,"SONIA",0.021363,0.006697
8999,888,2028-08-05,2029-02-05,2029-02-05,"FLOATING",0.044455,"ACT/360",184,11,22.41,"SONIA",0.032966,0.011489
9000,888,2029-02-05,2029-08-05,2029-08-05,"FLOATING",0.040672,"ACT/360",181,12,20.17,"SONIA",0.029808,0.010864
9001,888,2029-08-05,2030-02-05,2030-02-05,"FLOATING",0.058458,"ACT/360",184,13,29.47,"SONIA",0.04852,0.009938
9002,888,2030-02-05,2030-08-05,2030-08-05,"FLOATING",0.030039,"ACT/360",181,14,14.9,"SONIA",0.022762,0.007277
9003,888,2030-08-05,2031-02-05,2031-02-05,"FLOATING",0.038553,"ACT/360",184,15,19.43,"SONIA",0.023444,0.015109
9004,888,2031-02-05,2031-08-05,2031-08-05,"FLOATING",0.032259,"ACT/360",181,16,16,"SONIA",0.014653,0.017606
9005,888,2031-08-05,2032-02-05,2032-02-05,"FLOATING",0.050283,"ACT/360",184,17,25.35,"SONIA",0.032574,0.017709
9006,888,2032-02-05,2032-07-01,2032-07-01,"FLOATING",0.066822,"ACT/360",147,18,26.91,"SONIA",0.052178,0.014644
9007,889,2024-01-06,2024-07-06,2024-07-06,"FIXED",0.059877,"30/360",182,1,29.86,"",,
9008,889,2024-07-06,2025-01-06,2025-01-06,"FIXED",0.084816,"30/360",184,2,42.76,"",,
9009,889,2025-01-06,2025-07-06,2025-07-06,"FIXED",0.026345,"30/360",181,3,13.06,"",,
9010,889,2025-07-06,2026-01-06,2026-01-06,"FIXED",0.025732,"30/360",184,4,12.97,"",,
9011,889,2026-01-06,2026-07-06,2026-07-06,"FIXED",0.04982,"30/360",181,5,24.71,"",,
9012,889,2026-07-06,2027-01-06,2027-01-06,"FIXED",0.025997,"30/360",184,6,13.11,"",,
9013,889,2027-01-06,2027-07-06,2027-07-06,"FIXED",0.083292,"30/360",181,7,41.3,"",,
9014,889,2027-07-06,2028-01-06,2028-01-06,"FIXED",0.043121,"30/360",184,8,21.74,"",,
9015,889,2028-01-06,2028-07-06,2028-07-06,"FIXED",0.0331,"30/360",182,9,16.5,"",,
9016,889,2028-07-06,2029-01-06,2029-01-06,"FIXED",0.061344,"30/360",184,10,30.92,"",,
9017,889,2029-01-06,2029-07-06,2029-07-06,"FIXED",0.034856,"30/360",181,11,17.28,"",,
9018,889,2029-07-06,2030-01-06,2030-01-06,"FIXED",0.025677,"30/360",184,12,12.94,"",,
9019,889,2030-01-06,2030-07-06,2030-07-06,"FIXED",0.076318,"30/360",181,13,37.85,"",,
9020,889,2030-07-06,2031-01-06,2031-01-06,"FIXED",0.063879,"30/360",184,14,32.2,"",,
9021,889,2031-01-06,2031-07-06,2031-07-06,"FIXED",0.079736,"30/360",181,15,39.54,"",,
9022,889,2031-07-06,2032-01-06,2032-01-06,"FIXED",0.062539,"30/360",184,16,31.53,"",,
9023,889,2032-01-06,2032-07-06,2032-07-06,"FIXED",0.071503,"30/360",182,17,35.65,"",,
9024,889,2032-07-06,2033-01-06,2033-01-06,"FIXED",0.050407,"30/360",184,18,25.41,"",,
9025,889,2033-01-06,2033-07-06,2033-07-06,"FIXED",0.020383,"30/360",181,19,10.11,"",,
9026,889,2033-07-06,2033-10-01,2033-10-01,"FIXED",0.064053,"30/360",87,20,15.27,"",,
9027,890,2021-06-10,2022-06-10,2022-06-10,"FIXED",0.050173,"30/360",365,1,50.17,"",,
9028,890,2022-06-10,2023-06-10,2023-06-10,"FIXED",0.08335,"30/360",365,2,83.35,"",,
9029,890,2023-06-10,2024-06-10,2024-06-10,"FIXED",0.054949,"30/360",366,3,55.1,"",,
9030,890,2024-06-10,2025-06-10,2025-06-10,"FIXED",0.075339,"30/360",365,4,75.34,"",,
9031,890,2025-06-10,2026-06-10,2026-06-10,"FIXED",0.017889,"30/360",365,5,17.89,"",,
9032,890,2026-06-10,2026-10-14,2026-10-14,"FIXED",0.067976,"30/360",126,6,23.47,"",,
9033,891,2021-09-15,2022-09-15,2022-09-15,"FIXED",0.055108,"ACT/360",365,1,55.11,"",,
9034,891,2022-09-15,2023-09-15,2023-09-15,"FIXED",0.028139,"ACT/360",365,2,28.14,"",,
9035,891,2023-09-15,2024-09-15,2024-09-15,"FIXED",0.035429,"ACT/360",366,3,35.53,"",,
9036,891,2024-09-15,2025-09-15,2025-09-15,"FIXED",0.062571,"ACT/360",365,4,62.57,"",,
9037,891,2025-09-15,2026-09-15,2026-09-15,"FIXED",0.025544,"ACT/360",365,5,25.54,"",,
9038,891,2026-09-15,2027-09-15,2027-09-15,"FIXED",0.083362,"ACT/360",365,6,83.36,"",,
9039,891,2027-09-15,2028-09-15,2028-09-15,"FIXED",0.025615,"ACT/360",366,7,25.69,"",,
9040,891,2028-09-15,2029-06-29,2029-06-29,"FIXED",0.071623,"ACT/360",287,8,56.32,"",,
9041,892,2023-02-11,2023-08-11,2023-08-11,"FIXED",0.069813,"30/360",181,1,34.62,"",,
9042,892,2023-08-11,2024-02-11,2024-02-11,"FIXED",0.026421,"30/360",184,2,13.32,"",,
9043,892,2024-02-11,2024-08-11,2024-08-11,"FIXED",0.070435,"30/360",182,3,35.12,"",,
9044,892,2024-08-11,2025-02-11,2025-02-11,"FIXED",0.030968,"30/360",184,4,15.61,"",,
9045,892,2025-02-11,2025-08-11,2025-08-11,"FIXED",0.061389,"30/360",181,5,30.44,"",,
9046,892,2025-08-11,2026-02-11,2026-02-11,"FIXED",0.068826,"30/360",184,6,34.7,"",,
9047,892,2026-02-11,2026-08-11,2026-08-11,"FIXED",0.028246,"30/360",181,7,14.01,"",,
9048,892,2026-08-11,2027-02-11,2027-02-11,"FIXED",0.065669,"30/360",184,8,33.1,"",,
9049,892,2027-02-11,2027-08-11,2027-08-11,"FIXED",0.060149,"30/360",181,9,29.83,"",,
9050,892,2027-08-11,2028-02-11,2028-02-11,"FIXED",0.066238,"30/360",184,10,33.39,"",,
9051,892,2028-02-11,2028-08-11,2028-08-11,"FIXED",0.024749,"30/360",182,11,12.34,"",,
9052,892,2028-08-11,2029-02-11,2029-02-11,"FIXED",0.029588,"30/360",184,12,14.92,"",,
9053,892,2029-02-11,2029-08-11,2029-08-11,"FIXED",0.08306,"30/360",181,13,41.19,"",,
9054,892,2029-08-11,2030-02-11,2030-02-11,"FIXED",0.022415,"30/360",184,14,11.3,"",,
9055,892,2030-02-11,2030-08-11,2030-08-11,"FIXED",0.031385,"30/360",181,15,15.56,"",,
9056,892,2030-08-11,2031-02-11,2031-02-11,"FIXED",0.027622,"30/360",184,16,13.92,"",,
9057,892,2031-02-11,2031-08-11,2031-08-11,"FIXED",0.054745,"30/360",181,17,27.15,"",,
9058,892,2031-08-11,2032-01-13,2032-01-13,"FIXED",0.015288,"30/360",155,18,6.49,"",,
9059,893,2021-04-25,2021-07-25,2021-07-25,"FIXED",0.07444,"ACT/365",91,1,18.56,"",,
9060,893,2021-07-25,2021-10-25,2021-10-25,"FIXED",0.050559,"ACT/365",92,2,12.74,"",,
9061,893,2021-10-25,2022-01-25,2022-01-25,"FIXED",0.05451,"ACT/365",92,3,13.74,"",,
9062,893,2022-01-25,2022-04-25,2022-04-25,"FIXED",0.062765,"ACT/365",90,4,15.48,"",,
9063,893,2022-04-25,2022-07-25,2022-07-25,"FIXED",0.067792,"ACT/365",91,5,16.9,"",,
9064,893,2022-07-25,2022-10-25,2022-10-25,"FIXED",0.066453,"ACT/365",92,6,16.75,"",,
9065,893,2022-10-25,2023-01-25,2023-01-25,"FIXED",0.038871,"ACT/365",92,7,9.8,"",,
9066,893,2023-01-25,2023-04-25,2023-04-25,"FIXED",0.070249,"ACT/365",90,8,17.32,"",,
9067,893,2023-04-25,2023-07-25,2023-07-25,"FIXED",0.073568,"ACT/365",91,9,18.34,"",,
9068,893,2023-07-25,2023-10-25,2023-10-25,"FIXED",0.023836,"ACT/365",92,10,6.01,"",,
9069,893,2023-10-25,2024-01-25,2024-01-25,"FIXED",0.041483,"ACT/365",92,11,10.46,"",,
9070,893,2024-01-25,2024-04-25,2024-04-25,"FIXED",0.043715,"ACT/365",91,12,10.9,"",,
9071,893,2024-04-25,2024-07-25,2024-07-25,"FIXED",0.047967,"ACT/365",91,13,11.96,"",,
9072,893,2024-07-25,2024-10-25,2024-10-25,"FIXED",0.019669,"ACT/365",92,14,4.96,"",,
9073,893,2024-10-25,2025-01-25,2025-01-25,"FIXED",0.037097,"ACT/365",92,15,9.35,"",,
9074,893,2025-01-25,2025-04-25,2025-04-25,"FIXED",0.061752,"ACT/365",90,16,15.23,"",,
9075,893,2025-04-25,2025-07-25,2025-07-25,"FIXED",0.079847,"ACT/365",91,17,19.91,"",,
9076,893,2025-07-25,2025-10-04,2025-10-04,"FIXED",0.056125,"ACT/365",71,18,10.92,"",,
9077,894,2021-08-02,2022-08-02,2022-08-02,"FLOATING",0.050098,"30/360",365,1,50.1,"BUBOR",0.030163,0.019935
9078,894,2022-08-02,2023-08-02,2023-08-02,"FLOATING",0.035328,"30/360",365,2,35.33,"BUBOR",0.020334,0.014994
9079,894,2023-08-02,2024-08-02,2024-08-02,"FLOATING",0.043024,"30/360",366,3,43.14,"BUBOR",0.029473,0.013551
9080,894,2024-08-02,2025-08-02,2025-08-02,"FLOATING",0.030092,"30/360",365,4,30.09,"BUBOR",0.018318,0.011774
9081,894,2025-08-02,2026-08-02,2026-08-02,"FLOATING",0.060513,"30/360",365,5,60.51,"BUBOR",0.053557,0.006956
9082,894,2026-08-02,2027-08-02,2027-08-02,"FLOATING",0.056703,"30/360",365,6,56.7,"BUBOR",0.05217,0.004533
9083,894,2027-08-02,2028-04-23,2028-04-23,"FLOATING",0.02317,"30/360",265,7,16.82,"BUBOR",0.018632,0.004538
9084,895,2022-02-25,2022-05-25,2022-05-25,"FIXED",0.02813,"ACT/365",89,1,6.86,"",,
9085,895,2022-05-25,2022-08-25,2022-08-25,"FIXED",0.065054,"ACT/365",92,2,16.4,"",,
9086,895,2022-08-25,2022-11-25,2022-11-25,"FIXED",0.061127,"ACT/365",92,3,15.41,"",,
9087,895,2022-11-25,2023-02-25,2023-02-25,"FIXED",0.078407,"ACT/365",92,4,19.76,"",,
9088,895,2023-02-25,2023-05-25,2023-05-25,"FIXED",0.053076,"ACT/365",89,5,12.94,"",,
9089,895,2023-05-25,2023-08-25,2023-08-25,"FIXED",0.023684,"ACT/365",92,6,5.97,"",,
9090,895,2023-08-25,2023-11-25,2023-11-25,"FIXED",0.08167,"ACT/365",92,7,20.59,"",,
9091,895,2023-11-25,2024-02-25,2024-02-25,"FIXED",0.059003,"ACT/365",92,8,14.87,"",,
9092,895,2024-02-25,2024-05-25,2024-05-25,"FIXED",0.039805,"ACT/365",90,9,9.81,"",,
9093,895,2024-05-25,2024-08-25,2024-08-25,"FIXED",0.017872,"ACT/365",92,10,4.5,"",,
9094,895,2024-08-25,2024-11-25,2024-11-25,"FIXED",0.027541,"ACT/365",92,11,6.94,"",,
9095,895,2024-11-25,2025-02-25,2025-02-25,"FIXED",0.061212,"ACT/365",92,12,15.43,"",,
9096,895,2025-02-25,2025-05-25,2025-05-25,"FIXED",0.070338,"ACT/365",89,13,17.15,"",,
9097,895,2025-05-25,2025-08-25,2025-08-25,"FIXED",0.082246,"ACT/365",92,14,20.73,"",,
9098,895,2025-08-25,2025-11-25,2025-11-25,"FIXED",0.042991,"ACT/365",92,15,10.84,"",,
9099,895,2025-11-25,2026-02-25,2026-02-25,"FIXED",0.019596,"ACT/365",92,16,4.94,"",,
9100,895,2026-02-25,2026-05-25,2026-05-25,"FIXED",0.070713,"ACT/365",89,17,17.24,"",,
9184,899,2023-06-04,2023-09-04,2023-09-04,"FLOATING",0.055893,"ACT/365",92,5,14.09,"EURIBOR",0.048251,0.007642
9185,899,2023-09-04,2023-12-04,2023-12-04,"FLOATING",0.025608,"ACT/365",91,6,6.38,"EURIBOR",0.015746,0.009862
9186,899,2023-12-04,2024-03-04,2024-03-04,"FLOATING",0.031013,"ACT/365",91,7,7.73,"EURIBOR",0.011231,0.019782
9187,899,2024-03-04,2024-06-04,2024-06-04,"FLOATING",0.058325,"ACT/365",92,8,14.7,"EURIBOR",0.051207,0.007118
9188,899,2024-06-04,2024-09-04,2024-09-04,"FLOATING",0.052303,"ACT/365",92,9,13.18,"EURIBOR",0.042953,0.00935
9189,899,2024-09-04,2024-12-04,2024-12-04,"FLOATING",0.031857,"ACT/365",91,10,7.94,"EURIBOR",0.014937,0.01692
9190,899,2024-12-04,2025-03-04,2025-03-04,"FLOATING",0.040703,"ACT/365",90,11,10.04,"EURIBOR",0.027079,0.013624
9191,899,2025-03-04,2025-06-04,2025-06-04,"FLOATING",0.051388,"ACT/365",92,12,12.95,"EURIBOR",0.047025,0.004363
9192,899,2025-06-04,2025-09-04,2025-09-04,"FLOATING",0.02128,"ACT/365",92,13,5.36,"EURIBOR",0.017649,0.003631
9101,895,2026-05-25,2026-08-25,2026-08-25,"FIXED",0.044425,"ACT/365",92,18,11.2,"",,
9102,895,2026-08-25,2026-11-25,2026-11-25,"FIXED",0.022164,"ACT/365",92,19,5.59,"",,
9103,895,2026-11-25,2027-02-25,2027-02-25,"FIXED",0.047461,"ACT/365",92,20,11.96,"",,
9104,895,2027-02-25,2027-05-25,2027-05-25,"FIXED",0.078154,"ACT/365",89,21,19.06,"",,
9105,895,2027-05-25,2027-08-25,2027-08-25,"FIXED",0.015036,"ACT/365",92,22,3.79,"",,
9106,895,2027-08-25,2027-11-25,2027-11-25,"FIXED",0.060209,"ACT/365",92,23,15.18,"",,
9107,895,2027-11-25,2028-02-25,2028-02-25,"FIXED",0.017379,"ACT/365",92,24,4.38,"",,
9108,895,2028-02-25,2028-05-25,2028-05-25,"FIXED",0.018569,"ACT/365",90,25,4.58,"",,
9109,895,2028-05-25,2028-08-25,2028-08-25,"FIXED",0.052265,"ACT/365",92,26,13.17,"",,
9110,895,2028-08-25,2028-11-25,2028-11-25,"FIXED",0.082039,"ACT/365",92,27,20.68,"",,
9111,895,2028-11-25,2029-02-25,2029-02-25,"FIXED",0.06339,"ACT/365",92,28,15.98,"",,
9112,895,2029-02-25,2029-05-25,2029-05-25,"FIXED",0.076306,"ACT/365",89,29,18.61,"",,
9113,895,2029-05-25,2029-08-25,2029-08-25,"FIXED",0.052298,"ACT/365",92,30,13.18,"",,
9114,895,2029-08-25,2029-11-25,2029-11-25,"FIXED",0.080118,"ACT/365",92,31,20.19,"",,
9115,895,2029-11-25,2030-02-25,2030-02-25,"FIXED",0.016699,"ACT/365",92,32,4.21,"",,
9116,895,2030-02-25,2030-05-25,2030-05-25,"FIXED",0.07389,"ACT/365",89,33,18.02,"",,
9117,895,2030-05-25,2030-08-25,2030-08-25,"FIXED",0.017611,"ACT/365",92,34,4.44,"",,
9118,895,2030-08-25,2030-11-25,2030-11-25,"FIXED",0.037122,"ACT/365",92,35,9.36,"",,
9119,895,2030-11-25,2031-02-25,2031-02-25,"FIXED",0.016043,"ACT/365",92,36,4.04,"",,
9120,895,2031-02-25,2031-05-25,2031-05-25,"FIXED",0.028352,"ACT/365",89,37,6.91,"",,
9121,895,2031-05-25,2031-06-28,2031-06-28,"FIXED",0.033767,"ACT/365",34,38,3.15,"",,
9122,896,2021-09-17,2022-09-17,2022-09-17,"FLOATING",0.030396,"ACT/365",365,1,30.4,"EURIBOR",0.023343,0.007053
9123,896,2022-09-17,2023-09-17,2023-09-17,"FLOATING",0.051574,"ACT/365",365,2,51.57,"EURIBOR",0.038284,0.01329
9124,896,2023-09-17,2024-09-17,2024-09-17,"FLOATING",0.041909,"ACT/365",366,3,42.02,"EURIBOR",0.039546,0.002363
9125,896,2024-09-17,2025-09-17,2025-09-17,"FLOATING",0.057702,"ACT/365",365,4,57.7,"EURIBOR",0.040715,0.016987
9126,896,2025-09-17,2026-09-17,2026-09-17,"FLOATING",0.061486,"ACT/365",365,5,61.49,"EURIBOR",0.041833,0.019653
9127,896,2026-09-17,2027-09-17,2027-09-17,"FLOATING",0.056616,"ACT/365",365,6,56.62,"EURIBOR",0.053351,0.003265
9128,896,2027-09-17,2028-04-08,2028-04-08,"FLOATING",0.060366,"ACT/365",204,7,33.74,"EURIBOR",0.043258,0.017108
9129,897,2022-01-14,2022-07-14,2022-07-14,"FIXED",0.024889,"30/360",181,1,12.34,"",,
9130,897,2022-07-14,2023-01-14,2023-01-14,"FIXED",0.073636,"30/360",184,2,37.12,"",,
9131,897,2023-01-14,2023-07-14,2023-07-14,"FIXED",0.027247,"30/360",181,3,13.51,"",,
9132,897,2023-07-14,2024-01-14,2024-01-14,"FIXED",0.031699,"30/360",184,4,15.98,"",,
9133,897,2024-01-14,2024-07-14,2024-07-14,"FIXED",0.032319,"30/360",182,5,16.12,"",,
9134,897,2024-07-14,2025-01-14,2025-01-14,"FIXED",0.058166,"30/360",184,6,29.32,"",,
9135,897,2025-01-14,2025-07-14,2025-07-14,"FIXED",0.056797,"30/360",181,7,28.17,"",,
9136,897,2025-07-14,2026-01-14,2026-01-14,"FIXED",0.044381,"30/360",184,8,22.37,"",,
9137,897,2026-01-14,2026-07-14,2026-07-14,"FIXED",0.060981,"30/360",181,9,30.24,"",,
9138,897,2026-07-14,2027-01-14,2027-01-14,"FIXED",0.076788,"30/360",184,10,38.71,"",,
9139,897,2027-01-14,2027-07-14,2027-07-14,"FIXED",0.060702,"30/360",181,11,30.1,"",,
9140,897,2027-07-14,2028-01-14,2028-01-14,"FIXED",0.028695,"30/360",184,12,14.47,"",,
9141,897,2028-01-14,2028-05-28,2028-05-28,"FIXED",0.020483,"30/360",135,13,7.58,"",,
9142,898,2020-01-07,2020-04-07,2020-04-07,"FIXED",0.049663,"ACT/360",91,1,12.38,"",,
9143,898,2020-04-07,2020-07-07,2020-07-07,"FIXED",0.062255,"ACT/360",91,2,15.52,"",,
9144,898,2020-07-07,2020-10-07,2020-10-07,"FIXED",0.08369,"ACT/360",92,3,21.09,"",,
9145,898,2020-10-07,2021-01-07,2021-01-07,"FIXED",0.031013,"ACT/360",92,4,7.82,"",,
9146,898,2021-01-07,2021-04-07,2021-04-07,"FIXED",0.063746,"ACT/360",90,5,15.72,"",,
9147,898,2021-04-07,2021-07-07,2021-07-07,"FIXED",0.039248,"ACT/360",91,6,9.79,"",,
9148,898,2021-07-07,2021-10-07,2021-10-07,"FIXED",0.04471,"ACT/360",92,7,11.27,"",,
9149,898,2021-10-07,2022-01-07,2022-01-07,"FIXED",0.01833,"ACT/360",92,8,4.62,"",,
9150,898,2022-01-07,2022-04-07,2022-04-07,"FIXED",0.068125,"ACT/360",90,9,16.8,"",,
9151,898,2022-04-07,2022-07-07,2022-07-07,"FIXED",0.048874,"ACT/360",91,10,12.19,"",,
9152,898,2022-07-07,2022-10-07,2022-10-07,"FIXED",0.055932,"ACT/360",92,11,14.1,"",,
9153,898,2022-10-07,2023-01-07,2023-01-07,"FIXED",0.073319,"ACT/360",92,12,18.48,"",,
9154,898,2023-01-07,2023-04-07,2023-04-07,"FIXED",0.039727,"ACT/360",90,13,9.8,"",,
9155,898,2023-04-07,2023-07-07,2023-07-07,"FIXED",0.01603,"ACT/360",91,14,4,"",,
9156,898,2023-07-07,2023-10-07,2023-10-07,"FIXED",0.016003,"ACT/360",92,15,4.03,"",,
9157,898,2023-10-07,2024-01-07,2024-01-07,"FIXED",0.057183,"ACT/360",92,16,14.41,"",,
9158,898,2024-01-07,2024-04-07,2024-04-07,"FIXED",0.063773,"ACT/360",91,17,15.9,"",,
9159,898,2024-04-07,2024-07-07,2024-07-07,"FIXED",0.052142,"ACT/360",91,18,13,"",,
9160,898,2024-07-07,2024-10-07,2024-10-07,"FIXED",0.016194,"ACT/360",92,19,4.08,"",,
9161,898,2024-10-07,2025-01-07,2025-01-07,"FIXED",0.040934,"ACT/360",92,20,10.32,"",,
9162,898,2025-01-07,2025-04-07,2025-04-07,"FIXED",0.022365,"ACT/360",90,21,5.51,"",,
9163,898,2025-04-07,2025-07-07,2025-07-07,"FIXED",0.033398,"ACT/360",91,22,8.33,"",,
9164,898,2025-07-07,2025-10-07,2025-10-07,"FIXED",0.021209,"ACT/360",92,23,5.35,"",,
9165,898,2025-10-07,2026-01-07,2026-01-07,"FIXED",0.060777,"ACT/360",92,24,15.32,"",,
9166,898,2026-01-07,2026-04-07,2026-04-07,"FIXED",0.078919,"ACT/360",90,25,19.46,"",,
9167,898,2026-04-07,2026-07-07,2026-07-07,"FIXED",0.045424,"ACT/360",91,26,11.32,"",,
9168,898,2026-07-07,2026-10-07,2026-10-07,"FIXED",0.074333,"ACT/360",92,27,18.74,"",,
9169,898,2026-10-07,2027-01-07,2027-01-07,"FIXED",0.025555,"ACT/360",92,28,6.44,"",,
9170,898,2027-01-07,2027-04-07,2027-04-07,"FIXED",0.081457,"ACT/360",90,29,20.09,"",,
9171,898,2027-04-07,2027-07-07,2027-07-07,"FIXED",0.048347,"ACT/360",91,30,12.05,"",,
9172,898,2027-07-07,2027-10-07,2027-10-07,"FIXED",0.064479,"ACT/360",92,31,16.25,"",,
9173,898,2027-10-07,2028-01-07,2028-01-07,"FIXED",0.023569,"ACT/360",92,32,5.94,"",,
9174,898,2028-01-07,2028-04-07,2028-04-07,"FIXED",0.038216,"ACT/360",91,33,9.53,"",,
9175,898,2028-04-07,2028-07-07,2028-07-07,"FIXED",0.015104,"ACT/360",91,34,3.77,"",,
9176,898,2028-07-07,2028-10-07,2028-10-07,"FIXED",0.078791,"ACT/360",92,35,19.86,"",,
9177,898,2028-10-07,2029-01-07,2029-01-07,"FIXED",0.052029,"ACT/360",92,36,13.11,"",,
9178,898,2029-01-07,2029-04-07,2029-04-07,"FIXED",0.018766,"ACT/360",90,37,4.63,"",,
9179,898,2029-04-07,2029-06-04,2029-06-04,"FIXED",0.043361,"ACT/360",58,38,6.89,"",,
9180,899,2022-06-04,2022-09-04,2022-09-04,"FLOATING",0.027416,"ACT/365",92,1,6.91,"EURIBOR",0.010491,0.016925
9181,899,2022-09-04,2022-12-04,2022-12-04,"FLOATING",0.029667,"ACT/365",91,2,7.4,"EURIBOR",0.020034,0.009633
9182,899,2022-12-04,2023-03-04,2023-03-04,"FLOATING",0.059284,"ACT/365",90,3,14.62,"EURIBOR",0.053848,0.005436
9183,899,2023-03-04,2023-06-04,2023-06-04,"FLOATING",0.025088,"ACT/365",92,4,6.32,"EURIBOR",0.018536,0.006552
9193,899,2025-09-04,2025-12-04,2025-12-04,"FLOATING",0.042772,"ACT/365",91,14,10.66,"EURIBOR",0.031843,0.010929
9194,899,2025-12-04,2026-03-04,2026-03-04,"FLOATING",0.035622,"ACT/365",90,15,8.78,"EURIBOR",0.026295,0.009327
9195,899,2026-03-04,2026-06-04,2026-06-04,"FLOATING",0.03135,"ACT/365",92,16,7.9,"EURIBOR",0.028895,0.002455
9196,899,2026-06-04,2026-09-04,2026-09-04,"FLOATING",0.047987,"ACT/365",92,17,12.1,"EURIBOR",0.029432,0.018555
9197,899,2026-09-04,2026-12-04,2026-12-04,"FLOATING",0.072806,"ACT/365",91,18,18.15,"EURIBOR",0.05296,0.019846
9198,899,2026-12-04,2027-03-04,2027-03-04,"FLOATING",0.04257,"ACT/365",90,19,10.5,"EURIBOR",0.035262,0.007308
9199,899,2027-03-04,2027-06-04,2027-06-04,"FLOATING",0.052104,"ACT/365",92,20,13.13,"EURIBOR",0.033207,0.018897
9200,899,2027-06-04,2027-09-04,2027-09-04,"FLOATING",0.056267,"ACT/365",92,21,14.18,"EURIBOR",0.053532,0.002735
9201,899,2027-09-04,2027-12-04,2027-12-04,"FLOATING",0.066964,"ACT/365",91,22,16.7,"EURIBOR",0.049214,0.01775
9202,899,2027-12-04,2028-03-04,2028-03-04,"FLOATING",0.033813,"ACT/365",91,23,8.43,"EURIBOR",0.016241,0.017572
9203,899,2028-03-04,2028-06-04,2028-06-04,"FLOATING",0.054136,"ACT/365",92,24,13.65,"EURIBOR",0.044232,0.009904
9204,899,2028-06-04,2028-09-04,2028-09-04,"FLOATING",0.043828,"ACT/365",92,25,11.05,"EURIBOR",0.033883,0.009945
9205,899,2028-09-04,2028-12-04,2028-12-04,"FLOATING",0.054602,"ACT/365",91,26,13.61,"EURIBOR",0.047367,0.007235
9206,899,2028-12-04,2029-03-04,2029-03-04,"FLOATING",0.035642,"ACT/365",90,27,8.79,"EURIBOR",0.017864,0.017778
9207,899,2029-03-04,2029-06-04,2029-06-04,"FLOATING",0.039396,"ACT/365",92,28,9.93,"EURIBOR",0.03414,0.005256
9208,899,2029-06-04,2029-09-04,2029-09-04,"FLOATING",0.066141,"ACT/365",92,29,16.67,"EURIBOR",0.05139,0.014751
9209,899,2029-09-04,2029-12-04,2029-12-04,"FLOATING",0.059462,"ACT/365",91,30,14.82,"EURIBOR",0.051405,0.008057
9210,899,2029-12-04,2030-03-04,2030-03-04,"FLOATING",0.049879,"ACT/365",90,31,12.3,"EURIBOR",0.036907,0.012972
9211,899,2030-03-04,2030-06-04,2030-06-04,"FLOATING",0.029589,"ACT/365",92,32,7.46,"EURIBOR",0.022516,0.007073
9212,899,2030-06-04,2030-09-04,2030-09-04,"FLOATING",0.023974,"ACT/365",92,33,6.04,"EURIBOR",0.020492,0.003482
9213,899,2030-09-04,2030-12-04,2030-12-04,"FLOATING",0.041868,"ACT/365",91,34,10.44,"EURIBOR",0.029271,0.012597
9214,899,2030-12-04,2030-12-25,2030-12-25,"FLOATING",0.032492,"ACT/365",21,35,1.87,"EURIBOR",0.022726,0.009766
9215,900,2021-08-27,2021-11-27,2021-11-27,"FIXED",0.030614,"30/360",92,1,7.72,"",,
9216,900,2021-11-27,2022-02-27,2022-02-27,"FIXED",0.063977,"30/360",92,2,16.13,"",,
9217,900,2022-02-27,2022-05-27,2022-05-27,"FIXED",0.046439,"30/360",89,3,11.32,"",,
9218,900,2022-05-27,2022-08-27,2022-08-27,"FIXED",0.08368,"30/360",92,4,21.09,"",,
9219,900,2022-08-27,2022-11-27,2022-11-27,"FIXED",0.064272,"30/360",92,5,16.2,"",,
9220,900,2022-11-27,2023-02-27,2023-02-27,"FIXED",0.051275,"30/360",92,6,12.92,"",,
9221,900,2023-02-27,2023-05-27,2023-05-27,"FIXED",0.050761,"30/360",89,7,12.38,"",,
9222,900,2023-05-27,2023-08-27,2023-08-27,"FIXED",0.055845,"30/360",92,8,14.08,"",,
9223,900,2023-08-27,2023-11-27,2023-11-27,"FIXED",0.054928,"30/360",92,9,13.84,"",,
9224,900,2023-11-27,2024-02-27,2024-02-27,"FIXED",0.06405,"30/360",92,10,16.14,"",,
9225,900,2024-02-27,2024-05-27,2024-05-27,"FIXED",0.052237,"30/360",90,11,12.88,"",,
9226,900,2024-05-27,2024-08-27,2024-08-27,"FIXED",0.037105,"30/360",92,12,9.35,"",,
9227,900,2024-08-27,2024-11-27,2024-11-27,"FIXED",0.070082,"30/360",92,13,17.66,"",,
9228,900,2024-11-27,2025-02-25,2025-02-25,"FIXED",0.05258,"30/360",90,14,12.96,"",,
9229,901,2020-07-26,2021-01-26,2021-01-26,"FLOATING",0.041977,"ACT/365",184,1,21.16,"BUBOR",0.022763,0.019214
9230,901,2021-01-26,2021-07-26,2021-07-26,"FLOATING",0.027606,"ACT/365",181,2,13.69,"BUBOR",0.019277,0.008329
9231,901,2021-07-26,2022-01-26,2022-01-26,"FLOATING",0.056011,"ACT/365",184,3,28.24,"BUBOR",0.038265,0.017746
9232,901,2022-01-26,2022-07-26,2022-07-26,"FLOATING",0.029626,"ACT/365",181,4,14.69,"BUBOR",0.024758,0.004868
9233,901,2022-07-26,2023-01-26,2023-01-26,"FLOATING",0.06699,"ACT/365",184,5,33.77,"BUBOR",0.050701,0.016289
9234,901,2023-01-26,2023-07-26,2023-07-26,"FLOATING",0.025536,"ACT/365",181,6,12.66,"BUBOR",0.019926,0.00561
9235,901,2023-07-26,2024-01-26,2024-01-26,"FLOATING",0.022937,"ACT/365",184,7,11.56,"BUBOR",0.015543,0.007394
9236,901,2024-01-26,2024-07-26,2024-07-26,"FLOATING",0.040454,"ACT/365",182,8,20.17,"BUBOR",0.030867,0.009587
9237,901,2024-07-26,2025-01-26,2025-01-26,"FLOATING",0.043052,"ACT/365",184,9,21.7,"BUBOR",0.023344,0.019708
9238,901,2025-01-26,2025-07-26,2025-07-26,"FLOATING",0.035884,"ACT/365",181,10,17.79,"BUBOR",0.016246,0.019638
9239,901,2025-07-26,2026-01-26,2026-01-26,"FLOATING",0.04063,"ACT/365",184,11,20.48,"BUBOR",0.029013,0.011617
9240,901,2026-01-26,2026-07-26,2026-07-26,"FLOATING",0.060748,"ACT/365",181,12,30.12,"BUBOR",0.046407,0.014341
9241,901,2026-07-26,2027-01-26,2027-01-26,"FLOATING",0.034627,"ACT/365",184,13,17.46,"BUBOR",0.030704,0.003923
9242,901,2027-01-26,2027-07-26,2027-07-26,"FLOATING",0.059804,"ACT/365",181,14,29.66,"BUBOR",0.049673,0.010131
9243,901,2027-07-26,2028-01-26,2028-01-26,"FLOATING",0.025813,"ACT/365",184,15,13.01,"BUBOR",0.011087,0.014726
9244,901,2028-01-26,2028-07-26,2028-07-26,"FLOATING",0.067169,"ACT/365",182,16,33.49,"BUBOR",0.049301,0.017868
9245,901,2028-07-26,2029-01-26,2029-01-26,"FLOATING",0.046181,"ACT/365",184,17,23.28,"BUBOR",0.035464,0.010717
9246,901,2029-01-26,2029-07-26,2029-07-26,"FLOATING",0.056008,"ACT/365",181,18,27.77,"BUBOR",0.038505,0.017503
9247,901,2029-07-26,2030-01-26,2030-01-26,"FLOATING",0.068683,"ACT/365",184,19,34.62,"BUBOR",0.053071,0.015612
9248,901,2030-01-26,2030-06-17,2030-06-17,"FLOATING",0.049033,"ACT/365",142,20,19.08,"BUBOR",0.043662,0.005371
9249,902,2022-11-30,2023-05-31,2023-05-31,"FIXED",0.03077,"ACT/360",182,1,15.34,"",,
9250,902,2023-05-31,2023-11-30,2023-11-30,"FIXED",0.046054,"ACT/360",183,2,23.09,"",,
9251,902,2023-11-30,2024-05-31,2024-05-31,"FIXED",0.078014,"ACT/360",183,3,39.11,"",,
9252,902,2024-05-31,2024-11-30,2024-11-30,"FIXED",0.055061,"ACT/360",183,4,27.61,"",,
9253,902,2024-11-30,2025-05-31,2025-05-31,"FIXED",0.034657,"ACT/360",182,5,17.28,"",,
9254,902,2025-05-31,2025-11-30,2025-11-30,"FIXED",0.026731,"ACT/360",183,6,13.4,"",,
9255,902,2025-11-30,2026-05-31,2026-05-31,"FIXED",0.080778,"ACT/360",182,7,40.28,"",,
9256,902,2026-05-31,2026-11-30,2026-11-30,"FIXED",0.071519,"ACT/360",183,8,35.86,"",,
9257,902,2026-11-30,2027-05-31,2027-05-31,"FIXED",0.05471,"ACT/360",182,9,27.28,"",,
9258,902,2027-05-31,2027-11-30,2027-11-30,"FIXED",0.064644,"ACT/360",183,10,32.41,"",,
9259,902,2027-11-30,2028-05-31,2028-05-31,"FIXED",0.062641,"ACT/360",183,11,31.41,"",,
9260,902,2028-05-31,2028-11-30,2028-11-30,"FIXED",0.081812,"ACT/360",183,12,41.02,"",,
9261,902,2028-11-30,2029-01-27,2029-01-27,"FIXED",0.074503,"ACT/360",58,13,11.84,"",,
9262,903,2021-04-19,2022-04-19,2022-04-19,"FLOATING",0.042822,"ACT/360",365,1,42.82,"SONIA",0.036817,0.006005
9263,903,2022-04-19,2023-04-19,2023-04-19,"FLOATING",0.046603,"ACT/360",365,2,46.6,"SONIA",0.043466,0.003137
9264,903,2023-04-19,2024-04-19,2024-04-19,"FLOATING",0.030411,"ACT/360",366,3,30.49,"SONIA",0.013951,0.01646
9265,903,2024-04-19,2025-04-19,2025-04-19,"FLOATING",0.051824,"ACT/360",365,4,51.82,"SONIA",0.039352,0.012472
9266,903,2025-04-19,2026-04-19,2026-04-19,"FLOATING",0.021794,"ACT/360",365,5,21.79,"SONIA",0.019059,0.002735
9267,903,2026-04-19,2027-04-19,2027-04-19,"FLOATING",0.038172,"ACT/360",365,6,38.17,"SONIA",0.031165,0.007007
9268,903,2027-04-19,2027-11-20,2027-11-20,"FLOATING",0.051543,"ACT/360",215,7,30.36,"SONIA",0.04843,0.003113
9269,904,2023-02-02,2023-08-02,2023-08-02,"FIXED",0.02062,"ACT/365",181,1,10.23,"",,
9270,904,2023-08-02,2024-02-02,2024-02-02,"FIXED",0.018912,"ACT/365",184,2,9.53,"",,
9271,904,2024-02-02,2024-08-02,2024-08-02,"FIXED",0.029822,"ACT/365",182,3,14.87,"",,
9272,904,2024-08-02,2025-02-02,2025-02-02,"FIXED",0.057611,"ACT/365",184,4,29.04,"",,
9273,904,2025-02-02,2025-08-02,2025-08-02,"FIXED",0.051528,"ACT/365",181,5,25.55,"",,
9274,904,2025-08-02,2026-02-02,2026-02-02,"FIXED",0.044919,"ACT/365",184,6,22.64,"",,
9275,904,2026-02-02,2026-08-02,2026-08-02,"FIXED",0.01773,"ACT/365",181,7,8.79,"",,
9276,904,2026-08-02,2027-02-02,2027-02-02,"FIXED",0.053652,"ACT/365",184,8,27.05,"",,
9277,904,2027-02-02,2027-08-02,2027-08-02,"FIXED",0.064232,"ACT/365",181,9,31.85,"",,
9278,904,2027-08-02,2028-01-31,2028-01-31,"FIXED",0.064129,"ACT/365",182,10,31.98,"",,
8881,881,2023-08-24,2024-08-24,2024-08-24,"FIXED",0.04344,"ACT/360",366,1,43.56,"",,
8882,881,2024-08-24,2025-08-24,2025-08-24,"FIXED",0.053524,"ACT/360",365,2,53.52,"",,
8883,881,2025-08-24,2026-08-24,2026-08-24,"FIXED",0.02557,"ACT/360",365,3,25.57,"",,
8884,881,2026-08-24,2027-07-14,2027-07-14,"FIXED",0.024336,"ACT/360",324,4,21.6,"",,
8885,882,2021-08-14,2021-11-14,2021-11-14,"FIXED",0.02998,"ACT/360",92,1,7.56,"",,
8886,882,2021-11-14,2022-02-14,2022-02-14,"FIXED",0.038326,"ACT/360",92,2,9.66,"",,
8887,882,2022-02-14,2022-05-14,2022-05-14,"FIXED",0.060546,"ACT/360",89,3,14.76,"",,
8888,882,2022-05-14,2022-08-14,2022-08-14,"FIXED",0.020651,"ACT/360",92,4,5.21,"",,
8889,882,2022-08-14,2022-11-14,2022-11-14,"FIXED",0.083918,"ACT/360",92,5,21.15,"",,
8890,882,2022-11-14,2023-02-14,2023-02-14,"FIXED",0.048076,"ACT/360",92,6,12.12,"",,
8891,882,2023-02-14,2023-05-14,2023-05-14,"FIXED",0.059533,"ACT/360",89,7,14.52,"",,
8892,882,2023-05-14,2023-08-14,2023-08-14,"FIXED",0.070418,"ACT/360",92,8,17.75,"",,
8893,882,2023-08-14,2023-11-14,2023-11-14,"FIXED",0.07957,"ACT/360",92,9,20.06,"",,
8894,882,2023-11-14,2024-02-14,2024-02-14,"FIXED",0.070401,"ACT/360",92,10,17.74,"",,
8895,882,2024-02-14,2024-05-14,2024-05-14,"FIXED",0.035573,"ACT/360",90,11,8.77,"",,
8896,882,2024-05-14,2024-08-14,2024-08-14,"FIXED",0.033696,"ACT/360",92,12,8.49,"",,
8897,882,2024-08-14,2024-11-14,2024-11-14,"FIXED",0.028597,"ACT/360",92,13,7.21,"",,
8898,882,2024-11-14,2024-12-02,2024-12-02,"FIXED",0.077393,"ACT/360",18,14,3.82,"",,
8899,883,2024-01-31,2024-04-30,2024-04-30,"FIXED",0.076037,"30/360",90,1,18.75,"",,
8900,883,2024-04-30,2024-07-31,2024-07-31,"FIXED",0.024272,"30/360",92,2,6.12,"",,
8901,883,2024-07-31,2024-10-31,2024-10-31,"FIXED",0.055318,"30/360",92,3,13.94,"",,
8902,883,2024-10-31,2025-01-31,2025-01-31,"FIXED",0.065002,"30/360",92,4,16.38,"",,
8903,883,2025-01-31,2025-04-30,2025-04-30,"FIXED",0.038077,"30/360",89,5,9.28,"",,
8904,883,2025-04-30,2025-07-31,2025-07-31,"FIXED",0.057051,"30/360",92,6,14.38,"",,
8905,883,2025-07-31,2025-10-31,2025-10-31,"FIXED",0.044278,"30/360",92,7,11.16,"",,
8906,883,2025-10-31,2026-01-31,2026-01-31,"FIXED",0.080877,"30/360",92,8,20.39,"",,
8907,883,2026-01-31,2026-04-30,2026-04-30,"FIXED",0.067387,"30/360",89,9,16.43,"",,
8908,883,2026-04-30,2026-07-31,2026-07-31,"FIXED",0.077144,"30/360",92,10,19.44,"",,
8909,883,2026-07-31,2026-10-31,2026-10-31,"FIXED",0.050467,"30/360",92,11,12.72,"",,
8910,883,2026-10-31,2027-01-31,2027-01-31,"FIXED",0.024513,"30/360",92,12,6.18,"",,
8911,883,2027-01-31,2027-04-30,2027-04-30,"FIXED",0.022843,"30/360",89,13,5.57,"",,
8912,883,2027-04-30,2027-07-31,2027-07-31,"FIXED",0.063116,"30/360",92,14,15.91,"",,
8913,883,2027-07-31,2027-10-31,2027-10-31,"FIXED",0.035637,"30/360",92,15,8.98,"",,
8914,883,2027-10-31,2028-01-31,2028-01-31,"FIXED",0.022439,"30/360",92,16,5.66,"",,
8915,883,2028-01-31,2028-04-30,2028-04-30,"FIXED",0.05656,"30/360",90,17,13.95,"",,
8916,883,2028-04-30,2028-07-31,2028-07-31,"FIXED",0.034219,"30/360",92,18,8.63,"",,
8917,883,2028-07-31,2028-10-31,2028-10-31,"FIXED",0.025545,"30/360",92,19,6.44,"",,
8918,883,2028-10-31,2029-01-31,2029-01-31,"FIXED",0.040319,"30/360",92,20,10.16,"",,
8919,883,2029-01-31,2029-04-30,2029-04-30,"FIXED",0.032543,"30/360",89,21,7.94,"",,
8920,883,2029-04-30,2029-07-31,2029-07-31,"FIXED",0.04183,"30/360",92,22,10.54,"",,
8921,883,2029-07-31,2029-10-31,2029-10-31,"FIXED",0.080813,"30/360",92,23,20.37,"",,
8922,883,2029-10-31,2030-01-25,2030-01-25,"FIXED",0.070465,"30/360",86,24,16.6,"",,
8923,884,2020-12-08,2021-03-08,2021-03-08,"FIXED",0.041175,"ACT/365",90,1,10.15,"",,
8924,884,2021-03-08,2021-06-08,2021-06-08,"FIXED",0.022476,"ACT/365",92,2,5.67,"",,
8925,884,2021-06-08,2021-09-08,2021-09-08,"FIXED",0.050462,"ACT/365",92,3,12.72,"",,
8926,884,2021-09-08,2021-12-08,2021-12-08,"FIXED",0.056627,"ACT/365",91,4,14.12,"",,
8927,884,2021-12-08,2022-03-08,2022-03-08,"FIXED",0.062441,"ACT/365",90,5,15.4,"",,
8928,884,2022-03-08,2022-06-08,2022-06-08,"FIXED",0.029669,"ACT/365",92,6,7.48,"",,
8929,884,2022-06-08,2022-09-08,2022-09-08,"FIXED",0.069071,"ACT/365",92,7,17.41,"",,
8930,884,2022-09-08,2022-12-08,2022-12-08,"FIXED",0.030496,"ACT/365",91,8,7.6,"",,
8931,884,2022-12-08,2023-03-08,2023-03-08,"FIXED",0.073732,"ACT/365",90,9,18.18,"",,
8932,884,2023-03-08,2023-06-08,2023-06-08,"FIXED",0.038257,"ACT/365",92,10,9.64,"",,
8933,884,2023-06-08,2023-09-08,2023-09-08,"FIXED",0.03029,"ACT/365",92,11,7.63,"",,
8934,884,2023-09-08,2023-12-08,2023-12-08,"FIXED",0.019118,"ACT/365",91,12,4.77,"",,
8935,884,2023-12-08,2024-03-08,2024-03-08,"FIXED",0.035581,"ACT/365",91,13,8.87,"",,
8936,884,2024-03-08,2024-06-08,2024-06-08,"FIXED",0.072718,"ACT/365",92,14,18.33,"",,
8937,884,2024-06-08,2024-09-08,2024-09-08,"FIXED",0.049401,"ACT/365",92,15,12.45,"",,
8938,884,2024-09-08,2024-12-08,2024-12-08,"FIXED",0.077957,"ACT/365",91,16,19.44,"",,
8939,884,2024-12-08,2025-03-08,2025-03-08,"FIXED",0.01648,"ACT/365",90,17,4.06,"",,
8940,884,2025-03-08,2025-06-08,2025-06-08,"FIXED",0.065447,"ACT/365",92,18,16.5,"",,
8941,884,2025-06-08,2025-09-08,2025-09-08,"FIXED",0.047838,"ACT/365",92,19,12.06,"",,
8942,884,2025-09-08,2025-12-08,2025-12-08,"FIXED",0.068389,"ACT/365",91,20,17.05,"",,
8943,884,2025-12-08,2026-03-08,2026-03-08,"FIXED",0.068767,"ACT/365",90,21,16.96,"",,
8944,884,2026-03-08,2026-06-08,2026-06-08,"FIXED",0.034555,"ACT/365",92,22,8.71,"",,
8945,884,2026-06-08,2026-09-08,2026-09-08,"FIXED",0.055515,"ACT/365",92,23,13.99,"",,
8946,884,2026-09-08,2026-12-08,2026-12-08,"FIXED",0.031093,"ACT/365",91,24,7.75,"",,
8947,884,2026-12-08,2027-03-08,2027-03-08,"FIXED",0.019637,"ACT/365",90,25,4.84,"",,
8948,884,2027-03-08,2027-06-08,2027-06-08,"FIXED",0.020115,"ACT/365",92,26,5.07,"",,
8949,884,2027-06-08,2027-09-08,2027-09-08,"FIXED",0.02572,"ACT/365",92,27,6.48,"",,
8950,884,2027-09-08,2027-12-08,2027-12-08,"FIXED",0.053116,"ACT/365",91,28,13.24,"",,
8951,884,2027-12-08,2028-01-27,2028-01-27,"FIXED",0.060525,"ACT/365",50,29,8.29,"",,
8952,885,2021-08-06,2022-02-06,2022-02-06,"FLOATING",0.030355,"30/360",184,1,15.3,"SOFR",0.016049,0.014306
8953,885,2022-02-06,2022-08-06,2022-08-06,"FLOATING",0.027372,"30/360",181,2,13.57,"SOFR",0.021065,0.006307
8954,885,2022-08-06,2023-02-06,2023-02-06,"FLOATING",0.021277,"30/360",184,3,10.73,"SOFR",0.013715,0.007562
8955,885,2023-02-06,2023-08-06,2023-08-06,"FLOATING",0.026918,"30/360",181,4,13.35,"SOFR",0.010333,0.016585
8956,885,2023-08-06,2024-02-06,2024-02-06,"FLOATING",0.023506,"30/360",184,5,11.85,"SOFR",0.018581,0.004925
8957,885,2024-02-06,2024-08-06,2024-08-06,"FLOATING",0.042394,"30/360",182,6,21.14,"SOFR",0.036434,0.00596
8958,885,2024-08-06,2025-02-06,2025-02-06,"FLOATING",0.048134,"30/360",184,7,24.26,"SOFR",0.042629,0.005505
8959,885,2025-02-06,2025-08-06,2025-08-06,"FLOATING",0.039488,"30/360",181,8,19.58,"SOFR",0.028273,0.011215
8960,885,2025-08-06,2026-02-06,2026-02-06,"FLOATING",0.047484,"30/360",184,9,23.94,"SOFR",0.045382,0.002102
8961,885,2026-02-06,2026-08-06,2026-08-06,"FLOATING",0.057582,"30/360",181,10,28.55,"SOFR",0.037668,0.019914
8962,885,2026-08-06,2027-02-06,2027-02-06,"FLOATING",0.042128,"30/360",184,11,21.24,"SOFR",0.037889,0.004239
8963,885,2027-02-06,2027-06-01,2027-06-01,"FLOATING",0.024771,"30/360",115,12,7.8,"SOFR",0.010843,0.013928
8964,886,2022-10-16,2023-10-16,2023-10-16,"FIXED",0.051328,"ACT/365",365,1,51.33,"",,
8965,886,2023-10-16,2024-10-16,2024-10-16,"FIXED",0.016558,"ACT/365",366,2,16.6,"",,
8966,886,2024-10-16,2025-10-16,2025-10-16,"FIXED",0.045812,"ACT/365",365,3,45.81,"",,
8967,886,2025-10-16,2026-10-16,2026-10-16,"FIXED",0.027591,"ACT/365",365,4,27.59,"",,
8968,886,2026-10-16,2027-10-16,2027-10-16,"FIXED",0.061182,"ACT/365",365,5,61.18,"",,
8969,886,2027-10-16,2028-10-16,2028-10-16,"FIXED",0.024744,"ACT/365",366,6,24.81,"",,
8970,886,2028-10-16,2029-10-16,2029-10-16,"FIXED",0.037967,"ACT/365",365,7,37.97,"",,
8971,886,2029-10-16,2030-02-24,2030-02-24,"FIXED",0.039079,"ACT/365",131,8,14.03,"",,
8972,887,2023-01-03,2023-04-03,2023-04-03,"FIXED",0.046929,"30/360",90,1,11.57,"",,
8973,887,2023-04-03,2023-07-03,2023-07-03,"FIXED",0.047708,"30/360",91,2,11.89,"",,
8974,887,2023-07-03,2023-10-03,2023-10-03,"FIXED",0.020481,"30/360",92,3,5.16,"",,
8975,887,2023-10-03,2024-01-03,2024-01-03,"FIXED",0.044036,"30/360",92,4,11.1,"",,
8976,887,2024-01-03,2024-04-03,2024-04-03,"FIXED",0.051919,"30/360",91,5,12.94,"",,
8977,887,2024-04-03,2024-07-03,2024-07-03,"FIXED",0.019636,"30/360",91,6,4.9,"",,
8978,887,2024-07-03,2024-10-03,2024-10-03,"FIXED",0.022301,"30/360",92,7,5.62,"",,
8979,887,2024-10-03,2025-01-03,2025-01-03,"FIXED",0.016067,"30/360",92,8,4.05,"",,
8980,887,2025-01-03,2025-04-03,2025-04-03,"FIXED",0.060775,"30/360",90,9,14.99,"",,
8981,887,2025-04-03,2025-07-03,2025-07-03,"FIXED",0.049076,"30/360",91,10,12.24,"",,
8982,887,2025-07-03,2025-10-03,2025-10-03,"FIXED",0.031881,"30/360",92,11,8.04,"",,
8983,887,2025-10-03,2026-01-03,2026-01-03,"FIXED",0.046203,"30/360",92,12,11.65,"",,
8984,887,2026-01-03,2026-04-03,2026-04-03,"FIXED",0.061469,"30/360",90,13,15.16,"",,
8985,887,2026-04-03,2026-07-03,2026-07-03,"FIXED",0.026813,"30/360",91,14,6.68,"",,
8986,887,2026-07-03,2026-10-03,2026-10-03,"FIXED",0.034602,"30/360",92,15,8.72,"",,
8987,887,2026-10-03,2027-01-03,2027-01-03,"FIXED",0.019593,"30/360",92,16,4.94,"",,
